"STATION","NAME","LATITUDE","LONGITUDE","ELEVATION","DATE","TAVG","TMAX","TMIN"
"CA007041JG6","CAP TOURMENTE, QC CA","47.0833","-70.7833","6.0","2021-01-01","14","25","3"
"CA007041JG6","CAP TOURMENTE, QC CA","47.0833","-70.7833","6.0","2021-01-02","23","27","19"
"CA007041JG6","CAP TOURMENTE, QC CA","47.0833","-70.7833","6.0","2021-01-03","23","27","19"
"CA007041JG6","CAP TOURMENTE, QC CA","47.0833","-70.7833","6.0","2021-01-04","24","28","19"
"CA007041JG6","CAP TOURMENTE, QC CA","47.0833","-70.7833","6.0","2021-01-05","27","30","25"
"CA007041JG6","CAP TOURMENTE, QC CA","47.0833","-70.7833","6.0","2021-01-06","20","29","12"
"CA007041JG6","CAP TOURMENTE, QC CA","47.0833","-70.7833","6.0","2021-01-07","18","30","6"
"CA007041JG6","CAP TOURMENTE, QC CA","47.0833","-70.7833","6.0","2021-01-08","19","28","9"
"CA007041JG6","CAP TOURMENTE, QC CA","47.0833","-70.7833","6.0","2021-01-09","21","28","14"
"CA007041JG6","CAP TOURMENTE, QC CA","47.0833","-70.7833","6.0","2021-01-10","16","26","6"
"CA007041JG6","CAP TOURMENTE, QC CA","47.0833","-70.7833","6.0","2021-01-11","23","29","17"
"CA007041JG6","CAP TOURMENTE, QC CA","47.0833","-70.7833","6.0","2021-01-12","26","33","18"
"CA007041JG6","CAP TOURMENTE, QC CA","47.0833","-70.7833","6.0","2021-01-13","30","31","28"
"CA007041JG6","CAP TOURMENTE, QC CA","47.0833","-70.7833","6.0","2021-01-14","31","34","28"
"CA007041JG6","CAP TOURMENTE, QC CA","47.0833","-70.7833","6.0","2021-01-15","30","36","25"
"CA007041JG6","CAP TOURMENTE, QC CA","47.0833","-70.7833","6.0","2021-01-16","31","35","27"
"CA007041JG6","CAP TOURMENTE, QC CA","47.0833","-70.7833","6.0","2021-01-17","31","34","29"
"CA007041JG6","CAP TOURMENTE, QC CA","47.0833","-70.7833","6.0","2021-01-18","18","29","6"
"CA007041JG6","CAP TOURMENTE, QC CA","47.0833","-70.7833","6.0","2021-01-19","9","18","0"
"CA007041JG6","CAP TOURMENTE, QC CA","47.0833","-70.7833","6.0","2021-01-20","14","17","11"
"CA007041JG6","CAP TOURMENTE, QC CA","47.0833","-70.7833","6.0","2021-01-21","8","17","-1"
"CA007041JG6","CAP TOURMENTE, QC CA","47.0833","-70.7833","6.0","2021-01-22","18","21","14"
"CA007041JG6","CAP TOURMENTE, QC CA","47.0833","-70.7833","6.0","2021-01-23","18","27","8"
"CA007041JG6","CAP TOURMENTE, QC CA","47.0833","-70.7833","6.0","2021-01-24","15","23","6"
"CA007041JG6","CAP TOURMENTE, QC CA","47.0833","-70.7833","6.0","2021-01-25","10","20","0"
"CA007041JG6","CAP TOURMENTE, QC CA","47.0833","-70.7833","6.0","2021-01-26","14","29","-1"
"CA007041JG6","CAP TOURMENTE, QC CA","47.0833","-70.7833","6.0","2021-01-27","30","32","28"
"CA007041JG6","CAP TOURMENTE, QC CA","47.0833","-70.7833","6.0","2021-01-28","21","29","12"
"CA007041JG6","CAP TOURMENTE, QC CA","47.0833","-70.7833","6.0","2021-01-29","13","18","8"
"CA007041JG6","CAP TOURMENTE, QC CA","47.0833","-70.7833","6.0","2021-01-30","8","13","2"
"CA007041JG6","CAP TOURMENTE, QC CA","47.0833","-70.7833","6.0","2021-01-31","1","12","-10"
"CA007041JG6","CAP TOURMENTE, QC CA","47.0833","-70.7833","6.0","2021-02-01","13","29","-2"
"CA007041JG6","CAP TOURMENTE, QC CA","47.0833","-70.7833","6.0","2021-02-02","28","33","23"
"CA007041JG6","CAP TOURMENTE, QC CA","47.0833","-70.7833","6.0","2021-02-03","33","36","29"
"CA007041JG6","CAP TOURMENTE, QC CA","47.0833","-70.7833","6.0","2021-02-04","29","33","24"
"CA007041JG6","CAP TOURMENTE, QC CA","47.0833","-70.7833","6.0","2021-02-05","24","30","19"
"CA007041JG6","CAP TOURMENTE, QC CA","47.0833","-70.7833","6.0","2021-02-06","21","29","13"
"CA007041JG6","CAP TOURMENTE, QC CA","47.0833","-70.7833","6.0","2021-02-07","16","28","4"
"CA007041JG6","CAP TOURMENTE, QC CA","47.0833","-70.7833","6.0","2021-02-08","10","24","-4"
"CA007041JG6","CAP TOURMENTE, QC CA","47.0833","-70.7833","6.0","2021-02-09","9","20","-1"
"CA007041JG6","CAP TOURMENTE, QC CA","47.0833","-70.7833","6.0","2021-02-10","10","24","-3"
"CA007041JG6","CAP TOURMENTE, QC CA","47.0833","-70.7833","6.0","2021-02-11","5","18","-8"
"CA007041JG6","CAP TOURMENTE, QC CA","47.0833","-70.7833","6.0","2021-02-12","3","11","-5"
"CA007041JG6","CAP TOURMENTE, QC CA","47.0833","-70.7833","6.0","2021-02-13","6","16","-4"
"CA007041JG6","CAP TOURMENTE, QC CA","47.0833","-70.7833","6.0","2021-02-14","13","22","3"
"CA007041JG6","CAP TOURMENTE, QC CA","47.0833","-70.7833","6.0","2021-02-15","13","22","5"
"CA007041JG6","CAP TOURMENTE, QC CA","47.0833","-70.7833","6.0","2021-02-16","21","24","18"
"CA007041JG6","CAP TOURMENTE, QC CA","47.0833","-70.7833","6.0","2021-02-17","8","21","-5"
"CA007041JG6","CAP TOURMENTE, QC CA","47.0833","-70.7833","6.0","2021-02-18","8","23","-7"
"CA007041JG6","CAP TOURMENTE, QC CA","47.0833","-70.7833","6.0","2021-02-19","14","22","7"
"CA007041JG6","CAP TOURMENTE, QC CA","47.0833","-70.7833","6.0","2021-02-20","18","23","13"
"CA007041JG6","CAP TOURMENTE, QC CA","47.0833","-70.7833","6.0","2021-02-21","19","29","8"
"CA007041JG6","CAP TOURMENTE, QC CA","47.0833","-70.7833","6.0","2021-02-22","18","30","7"
"CA007041JG6","CAP TOURMENTE, QC CA","47.0833","-70.7833","6.0","2021-02-23","27","31","23"
"CA007041JG6","CAP TOURMENTE, QC CA","47.0833","-70.7833","6.0","2021-02-24","34","39","29"
"CA007041JG6","CAP TOURMENTE, QC CA","47.0833","-70.7833","6.0","2021-02-25","15","29","1"
"CA007041JG6","CAP TOURMENTE, QC CA","47.0833","-70.7833","6.0","2021-02-26","9","22","-5"
"CA007041JG6","CAP TOURMENTE, QC CA","47.0833","-70.7833","6.0","2021-02-27","20","37","4"
"CA007041JG6","CAP TOURMENTE, QC CA","47.0833","-70.7833","6.0","2021-02-28","30","39","21"
"CA007041JG6","CAP TOURMENTE, QC CA","47.0833","-70.7833","6.0","2021-03-01","21","39","3"
"CA007041JG6","CAP TOURMENTE, QC CA","47.0833","-70.7833","6.0","2021-03-02","7","16","-3"
"CA007041JG6","CAP TOURMENTE, QC CA","47.0833","-70.7833","6.0","2021-03-03","20","33","8"
"CA007041JG6","CAP TOURMENTE, QC CA","47.0833","-70.7833","6.0","2021-03-04","13","22","3"
"CA007041JG6","CAP TOURMENTE, QC CA","47.0833","-70.7833","6.0","2021-03-05","10","17","3"
"CA007041JG6","CAP TOURMENTE, QC CA","47.0833","-70.7833","6.0","2021-03-06","17","24","10"
"CA007041JG6","CAP TOURMENTE, QC CA","47.0833","-70.7833","6.0","2021-03-07","17","26","7"
"CA007041JG6","CAP TOURMENTE, QC CA","47.0833","-70.7833","6.0","2021-03-08","19","29","9"
"CA007041JG6","CAP TOURMENTE, QC CA","47.0833","-70.7833","6.0","2021-03-09","28","36","20"
"CA007041JG6","CAP TOURMENTE, QC CA","47.0833","-70.7833","6.0","2021-03-10","30","46","14"
"CA007041JG6","CAP TOURMENTE, QC CA","47.0833","-70.7833","6.0","2021-03-11","41","47","35"
"CA007041JG6","CAP TOURMENTE, QC CA","47.0833","-70.7833","6.0","2021-03-12","36","46","27"
"CA007041JG6","CAP TOURMENTE, QC CA","47.0833","-70.7833","6.0","2021-03-13","27","33","21"
"CA007041JG6","CAP TOURMENTE, QC CA","47.0833","-70.7833","6.0","2021-03-14","16","26","6"
"CA007041JG6","CAP TOURMENTE, QC CA","47.0833","-70.7833","6.0","2021-03-15","9","20","-1"
"CA007041JG6","CAP TOURMENTE, QC CA","47.0833","-70.7833","6.0","2021-03-16","20","31","10"
"CA007041JG6","CAP TOURMENTE, QC CA","47.0833","-70.7833","6.0","2021-03-17","32","43","21"
"CA007041JG6","CAP TOURMENTE, QC CA","47.0833","-70.7833","6.0","2021-03-18","28","45","12"
"CA007041JG6","CAP TOURMENTE, QC CA","47.0833","-70.7833","6.0","2021-03-19","20","32","8"
"CA007041JG6","CAP TOURMENTE, QC CA","47.0833","-70.7833","6.0","2021-03-20","33","44","22"
"CA007041JG6","CAP TOURMENTE, QC CA","47.0833","-70.7833","6.0","2021-03-21","39","52","26"
"CA007041JG6","CAP TOURMENTE, QC CA","47.0833","-70.7833","6.0","2021-03-22","43","59","27"
"CA007041JG6","CAP TOURMENTE, QC CA","47.0833","-70.7833","6.0","2021-03-23","45","60","31"
"CA007041JG6","CAP TOURMENTE, QC CA","47.0833","-70.7833","6.0","2021-03-24","39","47","31"
"CA007041JG6","CAP TOURMENTE, QC CA","47.0833","-70.7833","6.0","2021-03-25","47","59","35"
"CA007041JG6","CAP TOURMENTE, QC CA","47.0833","-70.7833","6.0","2021-03-26","42","50","33"
"CA007041JG6","CAP TOURMENTE, QC CA","47.0833","-70.7833","6.0","2021-03-27","32","33","31"
"CA007041JG6","CAP TOURMENTE, QC CA","47.0833","-70.7833","6.0","2021-03-28","36","40","31"
"CA007041JG6","CAP TOURMENTE, QC CA","47.0833","-70.7833","6.0","2021-03-29","31","39","23"
"CA007041JG6","CAP TOURMENTE, QC CA","47.0833","-70.7833","6.0","2021-03-30","38","55","21"
"CA007041JG6","CAP TOURMENTE, QC CA","47.0833","-70.7833","6.0","2021-03-31","47","62","32"
"CA007041JG6","CAP TOURMENTE, QC CA","47.0833","-70.7833","6.0","2021-04-01","33","43","24"
"CA007041JG6","CAP TOURMENTE, QC CA","47.0833","-70.7833","6.0","2021-04-02","27","35","18"
"CA007041JG6","CAP TOURMENTE, QC CA","47.0833","-70.7833","6.0","2021-04-03","30","43","17"
"CA007041JG6","CAP TOURMENTE, QC CA","47.0833","-70.7833","6.0","2021-04-04","32","40","23"
"CA007041JG6","CAP TOURMENTE, QC CA","47.0833","-70.7833","6.0","2021-04-05","34","41","28"
"CA007041JG6","CAP TOURMENTE, QC CA","47.0833","-70.7833","6.0","2021-04-06","41","49","34"
"CA007041JG6","CAP TOURMENTE, QC CA","47.0833","-70.7833","6.0","2021-04-07","43","54","32"
"CA007041JG6","CAP TOURMENTE, QC CA","47.0833","-70.7833","6.0","2021-04-08","44","56","31"
"CA007041JG6","CAP TOURMENTE, QC CA","47.0833","-70.7833","6.0","2021-04-09","46","60","33"
"CA007041JG6","CAP TOURMENTE, QC CA","47.0833","-70.7833","6.0","2021-04-10","45","55","34"
"CA007041JG6","CAP TOURMENTE, QC CA","47.0833","-70.7833","6.0","2021-04-11","44","53","35"
"CA007041JG6","CAP TOURMENTE, QC CA","47.0833","-70.7833","6.0","2021-04-12","49","55","43"
"CA007041JG6","CAP TOURMENTE, QC CA","47.0833","-70.7833","6.0","2021-04-13","43","54","31"
"CA007041JG6","CAP TOURMENTE, QC CA","47.0833","-70.7833","6.0","2021-04-14","45","59","30"
"CA007041JG6","CAP TOURMENTE, QC CA","47.0833","-70.7833","6.0","2021-04-15","47","65","30"
"CA007041JG6","CAP TOURMENTE, QC CA","47.0833","-70.7833","6.0","2021-04-16","44","49","39"
"CA007041JG6","CAP TOURMENTE, QC CA","47.0833","-70.7833","6.0","2021-04-17","41","45","37"
"CA007041JG6","CAP TOURMENTE, QC CA","47.0833","-70.7833","6.0","2021-04-18","41","48","33"
"CA007041JG6","CAP TOURMENTE, QC CA","47.0833","-70.7833","6.0","2021-04-19","47","62","32"
"CA007041JG6","CAP TOURMENTE, QC CA","47.0833","-70.7833","6.0","2021-04-20","44","52","36"
"CA007041JG6","CAP TOURMENTE, QC CA","47.0833","-70.7833","6.0","2021-04-21","35","41","29"
"CA007041JG6","CAP TOURMENTE, QC CA","47.0833","-70.7833","6.0","2021-04-22","33","38","28"
"CA007041JG6","CAP TOURMENTE, QC CA","47.0833","-70.7833","6.0","2021-04-23","46","58","35"
"CA007041JG6","CAP TOURMENTE, QC CA","47.0833","-70.7833","6.0","2021-04-24","50","69","31"
"CA007041JG6","CAP TOURMENTE, QC CA","47.0833","-70.7833","6.0","2021-04-25","50","58","41"
"CA007041JG6","CAP TOURMENTE, QC CA","47.0833","-70.7833","6.0","2021-04-26","38","47","30"
"CA007041JG6","CAP TOURMENTE, QC CA","47.0833","-70.7833","6.0","2021-04-27","49","65","32"
"CA007041JG6","CAP TOURMENTE, QC CA","47.0833","-70.7833","6.0","2021-04-28","51","63","37"
"CA007041JG6","CAP TOURMENTE, QC CA","47.0833","-70.7833","6.0","2021-04-29","52","63","42"
"CA007041JG6","CAP TOURMENTE, QC CA","47.0833","-70.7833","6.0","2021-04-30","47","56","39"
"CA007041JG6","CAP TOURMENTE, QC CA","47.0833","-70.7833","6.0","2021-05-01","48","56","40"
"CA007041JG6","CAP TOURMENTE, QC CA","47.0833","-70.7833","6.0","2021-05-02","47","61","32"
"CA007041JG6","CAP TOURMENTE, QC CA","47.0833","-70.7833","6.0","2021-05-03","43","56","29"
"CA007041JG6","CAP TOURMENTE, QC CA","47.0833","-70.7833","6.0","2021-05-04","48","55","41"
"CA007041JG6","CAP TOURMENTE, QC CA","47.0833","-70.7833","6.0","2021-05-05","49","53","45"
"CA007041JG6","CAP TOURMENTE, QC CA","47.0833","-70.7833","6.0","2021-05-06","45","56","33"
"CA007041JG6","CAP TOURMENTE, QC CA","47.0833","-70.7833","6.0","2021-05-07","43","56","29"
"CA007041JG6","CAP TOURMENTE, QC CA","47.0833","-70.7833","6.0","2021-05-08","41","49","33"
"CA007041JG6","CAP TOURMENTE, QC CA","47.0833","-70.7833","6.0","2021-05-09","50","66","35"
"CA007041JG6","CAP TOURMENTE, QC CA","47.0833","-70.7833","6.0","2021-05-10","53","62","44"
"CA007041JG6","CAP TOURMENTE, QC CA","47.0833","-70.7833","6.0","2021-05-11","44","50","37"
"CA007041JG6","CAP TOURMENTE, QC CA","47.0833","-70.7833","6.0","2021-05-12","45","56","34"
"CA007041JG6","CAP TOURMENTE, QC CA","47.0833","-70.7833","6.0","2021-05-13","54","69","40"
"CA007041JG6","CAP TOURMENTE, QC CA","47.0833","-70.7833","6.0","2021-05-14","55","65","44"
"CA007041JG6","CAP TOURMENTE, QC CA","47.0833","-70.7833","6.0","2021-05-15","55","71","39"
"CA007041JG6","CAP TOURMENTE, QC CA","47.0833","-70.7833","6.0","2021-05-16","51","62","40"
"CA007041JG6","CAP TOURMENTE, QC CA","47.0833","-70.7833","6.0","2021-05-17","52","65","39"
"CA007041JG6","CAP TOURMENTE, QC CA","47.0833","-70.7833","6.0","2021-05-18","62","77","47"
"CA007041JG6","CAP TOURMENTE, QC CA","47.0833","-70.7833","6.0","2021-05-19","54","64","44"
"CA007041JG6","CAP TOURMENTE, QC CA","47.0833","-70.7833","6.0","2021-05-20","65","87","44"
"CA007041JG6","CAP TOURMENTE, QC CA","47.0833","-70.7833","6.0","2021-05-21","69","81","57"
"CA007041JG6","CAP TOURMENTE, QC CA","47.0833","-70.7833","6.0","2021-05-22","70","81","58"
"CA007041JG6","CAP TOURMENTE, QC CA","47.0833","-70.7833","6.0","2021-05-23","54","65","42"
"CA007041JG6","CAP TOURMENTE, QC CA","47.0833","-70.7833","6.0","2021-05-24","54","67","41"
"CA007041JG6","CAP TOURMENTE, QC CA","47.0833","-70.7833","6.0","2021-05-25","57","70","44"
"CA007041JG6","CAP TOURMENTE, QC CA","47.0833","-70.7833","6.0","2021-05-26","72","82","61"
"CA007041JG6","CAP TOURMENTE, QC CA","47.0833","-70.7833","6.0","2021-05-27","49","65","33"
"CA007041JG6","CAP TOURMENTE, QC CA","47.0833","-70.7833","6.0","2021-05-28","45","61","30"
"CA007041JG6","CAP TOURMENTE, QC CA","47.0833","-70.7833","6.0","2021-05-29","48","58","39"
"CA007041JG6","CAP TOURMENTE, QC CA","47.0833","-70.7833","6.0","2021-05-30","53","67","39"
"CA007041JG6","CAP TOURMENTE, QC CA","47.0833","-70.7833","6.0","2021-05-31","51","53","48"
"CA007041JG6","CAP TOURMENTE, QC CA","47.0833","-70.7833","6.0","2021-06-01","57","69","45"
"CA007041JG6","CAP TOURMENTE, QC CA","47.0833","-70.7833","6.0","2021-06-02","62","80","45"
"CA007041JG6","CAP TOURMENTE, QC CA","47.0833","-70.7833","6.0","2021-06-03","58","68","49"
"CA007041JG6","CAP TOURMENTE, QC CA","47.0833","-70.7833","6.0","2021-06-04","66","78","54"
"CA007041JG6","CAP TOURMENTE, QC CA","47.0833","-70.7833","6.0","2021-06-05","65","76","55"
"CA007041JG6","CAP TOURMENTE, QC CA","47.0833","-70.7833","6.0","2021-06-06","65","74","56"
"CA007041JG6","CAP TOURMENTE, QC CA","47.0833","-70.7833","6.0","2021-06-07","73","90","56"
"CA007041JG6","CAP TOURMENTE, QC CA","47.0833","-70.7833","6.0","2021-06-08","79","91","67"
"CA007041JG6","CAP TOURMENTE, QC CA","47.0833","-70.7833","6.0","2021-06-09","64","75","53"
"CA007041JG6","CAP TOURMENTE, QC CA","47.0833","-70.7833","6.0","2021-06-10","54","64","44"
"CA007041JG6","CAP TOURMENTE, QC CA","47.0833","-70.7833","6.0","2021-06-11","60","71","48"
"CA007041JG6","CAP TOURMENTE, QC CA","47.0833","-70.7833","6.0","2021-06-12","66","81","52"
"CA007041JG6","CAP TOURMENTE, QC CA","47.0833","-70.7833","6.0","2021-06-13","58","69","46"
"CA007041JG6","CAP TOURMENTE, QC CA","47.0833","-70.7833","6.0","2021-06-14","56","60","52"
"CA007041JG6","CAP TOURMENTE, QC CA","47.0833","-70.7833","6.0","2021-06-15","60","67","53"
"CA007041JG6","CAP TOURMENTE, QC CA","47.0833","-70.7833","6.0","2021-06-16","56","68","45"
"CA007041JG6","CAP TOURMENTE, QC CA","47.0833","-70.7833","6.0","2021-06-17","62","76","49"
"CA007041JG6","CAP TOURMENTE, QC CA","47.0833","-70.7833","6.0","2021-06-18","63","78","48"
"CA007041JG6","CAP TOURMENTE, QC CA","47.0833","-70.7833","6.0","2021-06-19","67","76","57"
"CA007041JG6","CAP TOURMENTE, QC CA","47.0833","-70.7833","6.0","2021-06-20","68","80","56"
"CA007041JG6","CAP TOURMENTE, QC CA","47.0833","-70.7833","6.0","2021-06-21","65","75","56"
"CA007041JG6","CAP TOURMENTE, QC CA","47.0833","-70.7833","6.0","2021-06-22","59","69","49"
"CA007041JG6","CAP TOURMENTE, QC CA","47.0833","-70.7833","6.0","2021-06-23","58","68","47"
"CA007041JG6","CAP TOURMENTE, QC CA","47.0833","-70.7833","6.0","2021-06-24","63","79","47"
"CA007041JG6","CAP TOURMENTE, QC CA","47.0833","-70.7833","6.0","2021-06-25","67","79","55"
"CA007041JG6","CAP TOURMENTE, QC CA","47.0833","-70.7833","6.0","2021-06-26","65","69","60"
"CA007041JG6","CAP TOURMENTE, QC CA","47.0833","-70.7833","6.0","2021-06-27","75","83","68"
"CA007041JG6","CAP TOURMENTE, QC CA","47.0833","-70.7833","6.0","2021-06-28","73","80","66"
"CA007041JG6","CAP TOURMENTE, QC CA","47.0833","-70.7833","6.0","2021-06-29","75","86","64"
"CA007041JG6","CAP TOURMENTE, QC CA","47.0833","-70.7833","6.0","2021-06-30","69","78","59"
"CA007041JG6","CAP TOURMENTE, QC CA","47.0833","-70.7833","6.0","2021-07-01","60","65","54"
"CA007041JG6","CAP TOURMENTE, QC CA","47.0833","-70.7833","6.0","2021-07-02","58","67","48"
"CA007041JG6","CAP TOURMENTE, QC CA","47.0833","-70.7833","6.0","2021-07-03","57","66","48"
"CA007041JG6","CAP TOURMENTE, QC CA","47.0833","-70.7833","6.0","2021-07-04","60","70","50"
"CA007041JG6","CAP TOURMENTE, QC CA","47.0833","-70.7833","6.0","2021-07-05","63","78","48"
"CA007041JG6","CAP TOURMENTE, QC CA","47.0833","-70.7833","6.0","2021-07-06","68","78","58"
"CA007041JG6","CAP TOURMENTE, QC CA","47.0833","-70.7833","6.0","2021-07-07","59","68","49"
"CA007041JG6","CAP TOURMENTE, QC CA","47.0833","-70.7833","6.0","2021-07-08","59","69","50"
"CA007041JG6","CAP TOURMENTE, QC CA","47.0833","-70.7833","6.0","2021-07-09","62","72","51"
"CA007041JG6","CAP TOURMENTE, QC CA","47.0833","-70.7833","6.0","2021-07-10","65","80","49"
"CA007041JG6","CAP TOURMENTE, QC CA","47.0833","-70.7833","6.0","2021-07-11","69","82","56"
"CA007041JG6","CAP TOURMENTE, QC CA","47.0833","-70.7833","6.0","2021-07-12","64","74","54"
"CA007041JG6","CAP TOURMENTE, QC CA","47.0833","-70.7833","6.0","2021-07-13","64","75","53"
"CA007041JG6","CAP TOURMENTE, QC CA","47.0833","-70.7833","6.0","2021-07-14","71","80","62"
"CA007041JG6","CAP TOURMENTE, QC CA","47.0833","-70.7833","6.0","2021-07-15","73","84","62"
"CA007041JG6","CAP TOURMENTE, QC CA","47.0833","-70.7833","6.0","2021-07-16","69","80","59"
"CA007041JG6","CAP TOURMENTE, QC CA","47.0833","-70.7833","6.0","2021-07-17","69","82","56"
"CA007041JG6","CAP TOURMENTE, QC CA","47.0833","-70.7833","6.0","2021-07-18","69","78","60"
"CA007041JG6","CAP TOURMENTE, QC CA","47.0833","-70.7833","6.0","2021-07-19","73","83","63"
"CA007041JG6","CAP TOURMENTE, QC CA","47.0833","-70.7833","6.0","2021-07-20","66","71","62"
"CA007041JG6","CAP TOURMENTE, QC CA","47.0833","-70.7833","6.0","2021-07-21","62","67","57"
"CA007041JG6","CAP TOURMENTE, QC CA","47.0833","-70.7833","6.0","2021-07-22","64","74","54"
"CA007041JG6","CAP TOURMENTE, QC CA","47.0833","-70.7833","6.0","2021-07-23","66","77","56"
"CA007041JG6","CAP TOURMENTE, QC CA","47.0833","-70.7833","6.0","2021-07-24","69","81","57"
"CA007041JG6","CAP TOURMENTE, QC CA","47.0833","-70.7833","6.0","2021-07-25","67","77","56"
"CA007041JG6","CAP TOURMENTE, QC CA","47.0833","-70.7833","6.0","2021-07-26","69","79","59"
"CA007041JG6","CAP TOURMENTE, QC CA","47.0833","-70.7833","6.0","2021-07-27","60","71","49"
"CA007041JG6","CAP TOURMENTE, QC CA","47.0833","-70.7833","6.0","2021-07-28","61","72","49"
"CA007041JG6","CAP TOURMENTE, QC CA","47.0833","-70.7833","6.0","2021-07-29","61","73","49"
"CA007041JG6","CAP TOURMENTE, QC CA","47.0833","-70.7833","6.0","2021-07-30","62","72","51"
"CA007041JG6","CAP TOURMENTE, QC CA","47.0833","-70.7833","6.0","2021-07-31","61","71","51"
"CA007041JG6","CAP TOURMENTE, QC CA","47.0833","-70.7833","6.0","2021-08-01","62","76","48"
"CA007041JG6","CAP TOURMENTE, QC CA","47.0833","-70.7833","6.0","2021-08-02","61","71","50"
"CA007041JG6","CAP TOURMENTE, QC CA","47.0833","-70.7833","6.0","2021-08-03","64","76","52"
"CA007041JG6","CAP TOURMENTE, QC CA","47.0833","-70.7833","6.0","2021-08-04","65","73","57"
"CA007041JG6","CAP TOURMENTE, QC CA","47.0833","-70.7833","6.0","2021-08-05","68","79","56"
"CA007041JG6","CAP TOURMENTE, QC CA","47.0833","-70.7833","6.0","2021-08-06","71","83","58"
"CA007041JG6","CAP TOURMENTE, QC CA","47.0833","-70.7833","6.0","2021-08-07","70","79","61"
"CA007041JG6","CAP TOURMENTE, QC CA","47.0833","-70.7833","6.0","2021-08-08","65","74","56"
"CA007041JG6","CAP TOURMENTE, QC CA","47.0833","-70.7833","6.0","2021-08-09","63","69","57"
"CA007041JG6","CAP TOURMENTE, QC CA","47.0833","-70.7833","6.0","2021-08-10","74","87","62"
"CA007041JG6","CAP TOURMENTE, QC CA","47.0833","-70.7833","6.0","2021-08-11","72","78","66"
"CA007041JG6","CAP TOURMENTE, QC CA","47.0833","-70.7833","6.0","2021-08-12","76","87","66"
"CA007041JG6","CAP TOURMENTE, QC CA","47.0833","-70.7833","6.0","2021-08-13","79","88","69"
"CA007041JG6","CAP TOURMENTE, QC CA","47.0833","-70.7833","6.0","2021-08-14","72","82","63"
"CA007041JG6","CAP TOURMENTE, QC CA","47.0833","-70.7833","6.0","2021-08-15","64","76","52"
"CA007041JG6","CAP TOURMENTE, QC CA","47.0833","-70.7833","6.0","2021-08-16","66","79","53"
"CA007041JG6","CAP TOURMENTE, QC CA","47.0833","-70.7833","6.0","2021-08-17","70","83","58"
"CA007041JG6","CAP TOURMENTE, QC CA","47.0833","-70.7833","6.0","2021-08-18","74","83","65"
"CA007041JG6","CAP TOURMENTE, QC CA","47.0833","-70.7833","6.0","2021-08-19","75","87","63"
"CA007041JG6","CAP TOURMENTE, QC CA","47.0833","-70.7833","6.0","2021-08-20","72","82","62"
"CA007041JG6","CAP TOURMENTE, QC CA","47.0833","-70.7833","6.0","2021-08-21","70","79","60"
"CA007041JG6","CAP TOURMENTE, QC CA","47.0833","-70.7833","6.0","2021-08-22","70","80","60"
"CA007041JG6","CAP TOURMENTE, QC CA","47.0833","-70.7833","6.0","2021-08-23","72","78","65"
"CA007041JG6","CAP TOURMENTE, QC CA","47.0833","-70.7833","6.0","2021-08-24","77","88","65"
"CA007041JG6","CAP TOURMENTE, QC CA","47.0833","-70.7833","6.0","2021-08-25","76","86","67"
"CA007041JG6","CAP TOURMENTE, QC CA","47.0833","-70.7833","6.0","2021-08-26","73","87","60"
"CA007041JG6","CAP TOURMENTE, QC CA","47.0833","-70.7833","6.0","2021-08-27","64","74","55"
"CA007041JG6","CAP TOURMENTE, QC CA","47.0833","-70.7833","6.0","2021-08-28","62","71","53"
"CA007041JG6","CAP TOURMENTE, QC CA","47.0833","-70.7833","6.0","2021-08-29","63","69","58"
"CA007041JG6","CAP TOURMENTE, QC CA","47.0833","-70.7833","6.0","2021-08-30","71","82","60"
"CA007041JG6","CAP TOURMENTE, QC CA","47.0833","-70.7833","6.0","2021-08-31","66","78","54"
"CA007041JG6","CAP TOURMENTE, QC CA","47.0833","-70.7833","6.0","2021-09-01","62","73","50"
"CA007041JG6","CAP TOURMENTE, QC CA","47.0833","-70.7833","6.0","2021-09-02","60","67","54"
"CA007041JG6","CAP TOURMENTE, QC CA","47.0833","-70.7833","6.0","2021-09-03","60","72","48"
"CA007041JG6","CAP TOURMENTE, QC CA","47.0833","-70.7833","6.0","2021-09-04","57","69","45"
"CA007041JG6","CAP TOURMENTE, QC CA","47.0833","-70.7833","6.0","2021-09-05","57","64","50"
"CA007041JG6","CAP TOURMENTE, QC CA","47.0833","-70.7833","6.0","2021-09-06","64","74","54"
"CA007041JG6","CAP TOURMENTE, QC CA","47.0833","-70.7833","6.0","2021-09-07","61","71","51"
"CA007041JG6","CAP TOURMENTE, QC CA","47.0833","-70.7833","6.0","2021-09-08","60","67","52"
"CA007041JG6","CAP TOURMENTE, QC CA","47.0833","-70.7833","6.0","2021-09-09","65","71","60"
"CA007041JG6","CAP TOURMENTE, QC CA","47.0833","-70.7833","6.0","2021-09-10","58","69","46"
"CA007041JG6","CAP TOURMENTE, QC CA","47.0833","-70.7833","6.0","2021-09-11","58","71","45"
"CA007041JG6","CAP TOURMENTE, QC CA","47.0833","-70.7833","6.0","2021-09-12","62","75","50"
"CA007041JG6","CAP TOURMENTE, QC CA","47.0833","-70.7833","6.0","2021-09-13","59","72","47"
"CA007041JG6","CAP TOURMENTE, QC CA","47.0833","-70.7833","6.0","2021-09-14","54","62","47"
"CA007041JG6","CAP TOURMENTE, QC CA","47.0833","-70.7833","6.0","2021-09-15","62","73","51"
"CA007041JG6","CAP TOURMENTE, QC CA","47.0833","-70.7833","6.0","2021-09-16","60","73","46"
"CA007041JG6","CAP TOURMENTE, QC CA","47.0833","-70.7833","6.0","2021-09-17","63","77","50"
"CA007041JG6","CAP TOURMENTE, QC CA","47.0833","-70.7833","6.0","2021-09-18","62","72","51"
"CA007041JG6","CAP TOURMENTE, QC CA","47.0833","-70.7833","6.0","2021-09-19","56","63","49"
"CA007041JG6","CAP TOURMENTE, QC CA","47.0833","-70.7833","6.0","2021-09-21","62","75","48"
"CA007041JG6","CAP TOURMENTE, QC CA","47.0833","-70.7833","6.0","2021-09-22","63","73","52"
"CA007041JG6","CAP TOURMENTE, QC CA","47.0833","-70.7833","6.0","2021-09-23","59","64","53"
"CA007041JG6","CAP TOURMENTE, QC CA","47.0833","-70.7833","6.0","2021-09-24","64","76","53"
"CA007041JG6","CAP TOURMENTE, QC CA","47.0833","-70.7833","6.0","2021-09-25","61","69","54"
"CA007041JG6","CAP TOURMENTE, QC CA","47.0833","-70.7833","6.0","2021-09-26","54","63","45"
"CA007041JG6","CAP TOURMENTE, QC CA","47.0833","-70.7833","6.0","2021-09-27","54","65","43"
"CA007041JG6","CAP TOURMENTE, QC CA","47.0833","-70.7833","6.0","2021-09-28","52","62","42"
"CA007041JG6","CAP TOURMENTE, QC CA","47.0833","-70.7833","6.0","2021-09-29","50","53","47"
"CA007041JG6","CAP TOURMENTE, QC CA","47.0833","-70.7833","6.0","2021-09-30","52","58","45"
"CA007041JG6","CAP TOURMENTE, QC CA","47.0833","-70.7833","6.0","2021-10-01","49","53","45"
"CA007041JG6","CAP TOURMENTE, QC CA","47.0833","-70.7833","6.0","2021-10-02","51","58","43"
"CA007041JG6","CAP TOURMENTE, QC CA","47.0833","-70.7833","6.0","2021-10-03","50","57","43"
"CA007041JG6","CAP TOURMENTE, QC CA","47.0833","-70.7833","6.0","2021-10-04","51","62","40"
"CA007041JG6","CAP TOURMENTE, QC CA","47.0833","-70.7833","6.0","2021-10-05","52","61","44"
"CA007041JG6","CAP TOURMENTE, QC CA","47.0833","-70.7833","6.0","2021-10-06","55","69","41"
"CA007041JG6","CAP TOURMENTE, QC CA","47.0833","-70.7833","6.0","2021-10-07","57","70","44"
"CA007041JG6","CAP TOURMENTE, QC CA","47.0833","-70.7833","6.0","2021-10-08","51","60","42"
"CA007041JG6","CAP TOURMENTE, QC CA","47.0833","-70.7833","6.0","2021-10-09","49","59","39"
"CA007041JG6","CAP TOURMENTE, QC CA","47.0833","-70.7833","6.0","2021-10-10","53","62","44"
"CA007041JG6","CAP TOURMENTE, QC CA","47.0833","-70.7833","6.0","2021-10-11","62","70","54"
"CA007041JG6","CAP TOURMENTE, QC CA","47.0833","-70.7833","6.0","2021-10-12","63","73","52"
"CA007041JG6","CAP TOURMENTE, QC CA","47.0833","-70.7833","6.0","2021-10-13","64","75","54"
"CA007041JG6","CAP TOURMENTE, QC CA","47.0833","-70.7833","6.0","2021-10-14","57","61","53"
"CA007041JG6","CAP TOURMENTE, QC CA","47.0833","-70.7833","6.0","2021-10-15","56","59","52"
"CA007041JG6","CAP TOURMENTE, QC CA","47.0833","-70.7833","6.0","2021-10-16","61","67","55"
"CA007041JG6","CAP TOURMENTE, QC CA","47.0833","-70.7833","6.0","2021-10-17","53","63","44"
"CA007041JG6","CAP TOURMENTE, QC CA","47.0833","-70.7833","6.0","2021-10-18","48","56","41"
"CA007041JG6","CAP TOURMENTE, QC CA","47.0833","-70.7833","6.0","2021-10-19","46","53","39"
"CA007041JG6","CAP TOURMENTE, QC CA","47.0833","-70.7833","6.0","2021-10-20","47","56","37"
"CA007041JG6","CAP TOURMENTE, QC CA","47.0833","-70.7833","6.0","2021-10-21","52","57","47"
"CA007041JG6","CAP TOURMENTE, QC CA","47.0833","-70.7833","6.0","2021-10-22","49","59","38"
"CA007041JG6","CAP TOURMENTE, QC CA","47.0833","-70.7833","6.0","2021-10-23","44","48","39"
"CA007041JG6","CAP TOURMENTE, QC CA","47.0833","-70.7833","6.0","2021-10-24","42","54","30"
"CA007041JG6","CAP TOURMENTE, QC CA","47.0833","-70.7833","6.0","2021-10-25","38","48","29"
"CA007041JG6","CAP TOURMENTE, QC CA","47.0833","-70.7833","6.0","2021-10-26","51","56","46"
"CA007041JG6","CAP TOURMENTE, QC CA","47.0833","-70.7833","6.0","2021-10-27","48","52","45"
"CA007041JG6","CAP TOURMENTE, QC CA","47.0833","-70.7833","6.0","2021-10-28","40","49","30"
"CA007041JG6","CAP TOURMENTE, QC CA","47.0833","-70.7833","6.0","2021-10-29","42","53","29"
"CA007041JG6","CAP TOURMENTE, QC CA","47.0833","-70.7833","6.0","2021-10-30","40","49","31"
"CA007041JG6","CAP TOURMENTE, QC CA","47.0833","-70.7833","6.0","2021-10-31","50","54","46"
"CA007041JG6","CAP TOURMENTE, QC CA","47.0833","-70.7833","6.0","2021-11-01","43","51","34"
"CA007041JG6","CAP TOURMENTE, QC CA","47.0833","-70.7833","6.0","2021-11-02","38","47","30"
"CA007041JG6","CAP TOURMENTE, QC CA","47.0833","-70.7833","6.0","2021-11-03","39","47","30"
"CA007041JG6","CAP TOURMENTE, QC CA","47.0833","-70.7833","6.0","2021-11-04","35","43","28"
"CA007041JG6","CAP TOURMENTE, QC CA","47.0833","-70.7833","6.0","2021-11-05","36","45","26"
"CA007041JG6","CAP TOURMENTE, QC CA","47.0833","-70.7833","6.0","2021-11-06","40","49","32"
"CA007041JG6","CAP TOURMENTE, QC CA","47.0833","-70.7833","6.0","2021-11-07","41","52","30"
"CA007041JG6","CAP TOURMENTE, QC CA","47.0833","-70.7833","6.0","2021-11-08","47","57","38"
"CA007041JG6","CAP TOURMENTE, QC CA","47.0833","-70.7833","6.0","2021-11-09","50","61","38"
"CA007041JG6","CAP TOURMENTE, QC CA","47.0833","-70.7833","6.0","2021-11-10","41","53","28"
"CA007041JG6","CAP TOURMENTE, QC CA","47.0833","-70.7833","6.0","2021-11-11","35","44","27"
"CA007041JG6","CAP TOURMENTE, QC CA","47.0833","-70.7833","6.0","2021-11-12","43","45","40"
"CA007041JG6","CAP TOURMENTE, QC CA","47.0833","-70.7833","6.0","2021-11-13","42","51","33"
"CA007041JG6","CAP TOURMENTE, QC CA","47.0833","-70.7833","6.0","2021-11-14","40","45","34"
"CA007041JG6","CAP TOURMENTE, QC CA","47.0833","-70.7833","6.0","2021-11-15","35","40","31"
"CA007041JG6","CAP TOURMENTE, QC CA","47.0833","-70.7833","6.0","2021-11-16","33","39","28"
"CA007041JG6","CAP TOURMENTE, QC CA","47.0833","-70.7833","6.0","2021-11-17","29","35","22"
"CA007041JG6","CAP TOURMENTE, QC CA","47.0833","-70.7833","6.0","2021-11-18","36","40","33"
"CA007041JG6","CAP TOURMENTE, QC CA","47.0833","-70.7833","6.0","2021-11-19","35","42","29"
"CA007041JG6","CAP TOURMENTE, QC CA","47.0833","-70.7833","6.0","2021-11-20","30","37","24"
"CA007041JG6","CAP TOURMENTE, QC CA","47.0833","-70.7833","6.0","2021-11-21","35","40","31"
"CA007041JG6","CAP TOURMENTE, QC CA","47.0833","-70.7833","6.0","2021-11-22","35","45","24"
"CA007041JG6","CAP TOURMENTE, QC CA","47.0833","-70.7833","6.0","2021-11-23","28","34","21"
"CA007041JG6","CAP TOURMENTE, QC CA","47.0833","-70.7833","6.0","2021-11-24","29","36","23"
"CA007041JG6","CAP TOURMENTE, QC CA","47.0833","-70.7833","6.0","2021-11-25","30","40","21"
"CA007041JG6","CAP TOURMENTE, QC CA","47.0833","-70.7833","6.0","2021-11-26","33","33","32"
"CA007041JG6","CAP TOURMENTE, QC CA","47.0833","-70.7833","6.0","2021-11-27","28","32","23"
"CA007041JG6","CAP TOURMENTE, QC CA","47.0833","-70.7833","6.0","2021-11-28","21","28","14"
"CA007041JG6","CAP TOURMENTE, QC CA","47.0833","-70.7833","6.0","2021-11-29","22","25","18"
"CA007041JG6","CAP TOURMENTE, QC CA","47.0833","-70.7833","6.0","2021-11-30","21","29","14"
"CA007041JG6","CAP TOURMENTE, QC CA","47.0833","-70.7833","6.0","2021-12-01","24","32","15"
"CA007041JG6","CAP TOURMENTE, QC CA","47.0833","-70.7833","6.0","2021-12-02","26","33","20"
"CA007041JG6","CAP TOURMENTE, QC CA","47.0833","-70.7833","6.0","2021-12-03","22","37","7"
"CA007041JG6","CAP TOURMENTE, QC CA","47.0833","-70.7833","6.0","2021-12-04","10","18","2"
"CA007041JG6","CAP TOURMENTE, QC CA","47.0833","-70.7833","6.0","2021-12-05","14","22","6"
"CA007041JG6","CAP TOURMENTE, QC CA","47.0833","-70.7833","6.0","2021-12-06","27","37","18"
"CA007041JG6","CAP TOURMENTE, QC CA","47.0833","-70.7833","6.0","2021-12-07","20","36","4"
"CA007041JG6","CAP TOURMENTE, QC CA","47.0833","-70.7833","6.0","2021-12-08","9","16","2"
"CA007041JG6","CAP TOURMENTE, QC CA","47.0833","-70.7833","6.0","2021-12-09","12","18","6"
"CA007041JG6","CAP TOURMENTE, QC CA","47.0833","-70.7833","6.0","2021-12-10","15","24","6"
"CA007041JG6","CAP TOURMENTE, QC CA","47.0833","-70.7833","6.0","2021-12-11","31","40","21"
"CA007041JG6","CAP TOURMENTE, QC CA","47.0833","-70.7833","6.0","2021-12-12","37","41","33"
"CA007041JG6","CAP TOURMENTE, QC CA","47.0833","-70.7833","6.0","2021-12-13","35","40","31"
"CA007041JG6","CAP TOURMENTE, QC CA","47.0833","-70.7833","6.0","2021-12-14","26","40","12"
"CA007041JG6","CAP TOURMENTE, QC CA","47.0833","-70.7833","6.0","2021-12-15","20","27","12"
"CA007041JG6","CAP TOURMENTE, QC CA","47.0833","-70.7833","6.0","2021-12-16","31","38","25"
"CA007041JG6","CAP TOURMENTE, QC CA","47.0833","-70.7833","6.0","2021-12-17","37","46","27"
"CA007041JG6","CAP TOURMENTE, QC CA","47.0833","-70.7833","6.0","2021-12-18","21","27","15"
"CA007041JG6","CAP TOURMENTE, QC CA","47.0833","-70.7833","6.0","2021-12-19","19","26","12"
"CA007041JG6","CAP TOURMENTE, QC CA","47.0833","-70.7833","6.0","2021-12-20","12","22","2"
"CA007041JG6","CAP TOURMENTE, QC CA","47.0833","-70.7833","6.0","2021-12-21","21","30","12"
"CA007041JG6","CAP TOURMENTE, QC CA","47.0833","-70.7833","6.0","2021-12-22","22","26","19"
"CA007041JG6","CAP TOURMENTE, QC CA","47.0833","-70.7833","6.0","2021-12-23","9","25","-8"
"CA007041JG6","CAP TOURMENTE, QC CA","47.0833","-70.7833","6.0","2021-12-24","4","15","-7"
"CA007041JG6","CAP TOURMENTE, QC CA","47.0833","-70.7833","6.0","2021-12-25","12","23","1"
"CA007041JG6","CAP TOURMENTE, QC CA","47.0833","-70.7833","6.0","2021-12-26","19","27","11"
"CA007041JG6","CAP TOURMENTE, QC CA","47.0833","-70.7833","6.0","2021-12-27","15","22","9"
"CA007041JG6","CAP TOURMENTE, QC CA","47.0833","-70.7833","6.0","2021-12-28","20","23","16"
"CA007041JG6","CAP TOURMENTE, QC CA","47.0833","-70.7833","6.0","2021-12-29","22","24","20"
"CA007041JG6","CAP TOURMENTE, QC CA","47.0833","-70.7833","6.0","2021-12-30","26","31","22"
"CA007041JG6","CAP TOURMENTE, QC CA","47.0833","-70.7833","6.0","2021-12-31","29","30","27"
